"region","GCAM_basin_ID","unit_id","convertible_unit_ha","low_avail_ha","high_avail_ha","suit_prot_ha","unsuit_prot_ha","low_avail_pcnt_conv","high_avail_pcnt_conv","suit_prot_pcnt_conv","unsuit_prot_pcnt_conv"
"Africa_Eastern",87,2087,155144360.71,121433666.112067,134856858.243584,13423192.1315174,275848.733740921,78.2714019100276,86.9234676828909,8.65206577286322,0.177801328052487
"Africa_Eastern",100,2100,54744204.7399,19425764.3159731,19525722.2245556,99957.9085824937,388481.556791554,35.4846040932891,35.6671949429643,0.182590849675162,0.709630468900412
"Africa_Eastern",144,2144,4408786,2153045.01322077,2153045.01322077,0,0,48.8353259428052,48.8353259428052,0,0
"Africa_Eastern",151,2151,7233330.45,7224625.98766558,7224625.98766558,0,0,99.879661763076,99.879661763076,0,0
"Africa_Eastern",170,2170,72105556.68,59086257.6787813,68732840.6481206,9646582.9693393,110643.959969212,81.9441113824313,95.3225296535089,13.3784182710776,0.153447203050165
"Africa_Eastern",171,2171,16981506.909,12326075.3772696,14870876.8179061,2544801.44063652,372747.037986521,72.5852861193192,87.5710082597248,14.9857221404056,2.19501743858179
"Africa_Eastern",177,2177,42972676,39548604.7685928,42200834.6899844,2652229.92139159,107823.274788748,92.0319804347134,98.2038788787191,6.17189844400565,0.250911241340306
"Africa_Eastern",179,2179,29529654.8,18082348.0394738,24885249.858116,6802901.81864219,399095.485449535,61.2345391842298,84.2720649010634,23.0375257168336,1.35150745294027
"Africa_Eastern",183,2183,849358.0303,693331.034370244,831235.618579128,137904.584208884,1117.80982319739,81.6300087402898,97.8663400975356,16.2363313572458,0.131606434897963
"Africa_Northern",75,3075,38612,19911.0268773577,19911.0268773577,0,0,51.5669400118037,51.5669400118037,0,0
"Africa_Northern",80,3080,21147726,10734372.6410352,10895571.543238,161198.902202826,60906.4277876718,50.7589924374619,51.5212441434033,0.762251705941461,0.288004619445475
"Africa_Northern",86,3086,15152485.4,6336669.72080585,6499333.98081396,162664.260008115,275334.123455165,41.8193421971939,42.8928575691877,1.07351537199379,1.81708885497534
"Africa_Northern",87,3087,209065.2,139387.558064416,148789.857836546,9402.29977212989,9674.21855511089,66.6718124606181,71.1691174985345,4.49730503791635,4.62736914374601
"Africa_Northern",144,3144,45673497,5553663.43899718,5569904.02106909,16240.582071919,161397.457496622,12.1594881140745,12.1950461140935,0.0355580000189585,0.353372235755502
"Africa_Southern",87,4087,4974995.15,3629079.99797232,4881769.02232644,1252689.02435412,2930.99472086816,72.9464027311125,98.1261061596499,25.1797034285374,0.0589145241853785
"Africa_Southern",162,4162,597812.88,576003.163208593,576003.163208593,0,0,96.3517485954121,96.3517485954121,0,0
"Africa_Southern",171,4171,66698345.7,54879410.2717429,65889762.7222807,11010352.4505378,98356.2458018062,82.2800171365313,98.7877016000423,16.507684463511,0.147464295807574
"Africa_Southern",179,4179,12583013.27,10906223.7088604,12396728.50606,1490504.79719966,2817.51735635773,86.674181095101,98.5195536240585,11.8453725289576,0.0223914359454358
"Africa_Southern",182,4182,44005777,39191719.6781179,42533795.4307485,3342075.75263059,690516.878350838,89.0603969522408,96.6550265224233,7.59462957018255,1.56915051937576
"Africa_Southern",183,4183,54916950,49928932.87544,54578226.6179447,4649293.74250478,63491.037079708,90.917162871281,99.3832079493576,8.46604507807658,0.11561282460098
"Africa_Southern",188,4188,118673305.06506,94183644.8585573,117488287.785797,23304642.9272397,217694.719080638,79.3638003145891,99.0014457938849,19.6376454792958,0.18344034402791
"Africa_Southern",190,4190,21199227.146,20252088.1075729,20885074.7739061,632986.66633324,11033.8381170882,95.5322001509578,98.5180951648365,2.98589501387873,0.052048303653231
"Africa_Southern",194,4194,37376861,26223082.575966,27502453.9212205,1279371.34525444,1402624.3384179,70.1586004666524,73.5814971760749,3.42289670942256,3.75265418467833
"Africa_Southern",196,4196,15403514.8,9094678.34769719,9176086.71931398,81408.3716167975,2191414.33961796,59.0428773288625,59.5713824958573,0.528505166994727,14.2267162272468
"Africa_Southern",197,4197,81490678,69063250.4888614,78478722.4434893,9415471.95462789,2003427.57656791,84.7498783711941,96.3039262521405,11.5540478809464,2.45847454670572
"Africa_Southern",198,4198,3982902.1,3532487.98952934,3723060.63735396,190572.647824613,4124.20840729261,88.6913085192163,93.4760770884616,4.78476856924535,0.103547822762016
"Africa_Southern",199,4199,21387827.504,20017186.7568368,20986068.8582334,968882.101396564,1628.86664405526,93.5914914831494,98.1215546754739,4.53006319232452,0.00761585833694714
"Africa_Western",86,5086,2642396.001,955307.836963893,955339.836963893,32,13671.0289587689,36.1530912324406,36.154302254558,0.0012110221173469,0.517372451123721
"Africa_Western",87,5087,1386538.6,880426.323186782,1323406.61601927,442980.292832484,32026.6090905769,63.4981473423662,95.4467921786863,31.94864483632,2.30982455811738
"Africa_Western",142,5142,68693988,63774671.7675811,67021702.3549233,3247030.58734223,62494.3589306916,92.838796558996,97.5656011628315,4.72680460383553,0.09097500487334
"Africa_Western",144,5144,14717880,6402893.81452965,6402893.81452965,0,5329.62731160713,43.5041854841162,43.5041854841162,0,0.0362119225840076
"Africa_Western",149,5149,113546480,96503394.551585,106632281.62864,10128887.0770545,439127.885947881,84.9902124236568,93.9106889342932,8.92047651063642,0.386738440458815
"Africa_Western",151,5151,94021939.51,72356973.8309892,83007962.7779219,10650988.9469327,3615347.66663474,76.95754225884,88.285737574147,11.3281953153071,3.84521706899082
"Africa_Western",152,5152,39327008.6465,36906327.449319,38412785.6573472,1506458.20802827,11972.0033858569,93.8447360211404,97.6753304646929,3.83059444355258,0.0304421917605532
"Africa_Western",160,5160,28833901,25331175.5076146,28143973.7998617,2812798.2922471,66638.6968171889,87.852058268545,97.6072360096598,9.75517774111488,0.231112317466821
"Africa_Western",162,5162,58828260,54273226.0530038,57455572.0576591,3182346.00465532,175380.663018635,92.257064976941,97.666618148589,5.40955317164799,0.29812315206779
"Africa_Western",183,5183,278242703,251925171.733398,275768377.23526,23843205.5018621,144303.831789928,90.5415196938327,99.110731121405,8.56921142757231,0.0518625754544686
"Africa_Western",188,5188,161896.209,161153.019666667,161153.019666667,0,0,99.5409470438356,99.5409470438356,0,0
"Argentina",169,31169,4050847.04,1200067.89369162,1481450.48176111,281382.588069483,657379.752610517,29.6251100533192,36.5713754958545,6.94626544253527,16.2282047709833
"Argentina",200,31200,4065361.4,797442.595039669,1074078.72194323,276636.126903563,1164510.34621433,19.6155400855547,26.4202518856806,6.8047118001259,28.6446943244536
"Argentina",203,31203,8039165.2,7119252.9566576,7693195.35440999,573942.397752384,160201.718798436,88.5571173068766,95.6964456260954,7.13932831921881,1.99276560206072
"Argentina",205,31205,14818250.36,12241106.9757494,12615975.7093661,374868.733616684,41151.910300517,82.6083152758219,85.1380925741499,2.52977729832798,0.277710993543485
"Argentina",206,31206,61935667,55741049.9906947,59025126.7032523,3284076.71255755,667802.653323678,89.998304193115,95.3007040406173,5.30239984750232,1.0782198459632
"Argentina",207,31207,45364.6381,19.1504321975636,20.9742828830459,1.82385068548225,10985.0526786596,0.0422144494029671,0.0462348731556306,0.00402042375266353,24.2150122622924
"Argentina",209,31209,6457201.205,6332726.18015521,6343233.66924481,10507.4890895989,460.1282663163,98.0723068572122,98.235031987745,0.162725130532755,0.00712581584046056
"Argentina",210,31210,8911922.47,8389699.48662252,8687772.85810662,298073.371484097,38160.6001271051,94.1401758696238,97.4848343592762,3.34465848965242,0.428197173567928
"Argentina",212,31212,28647990.49,14224148.0999642,14749180.7733187,525032.673354417,1741740.25976294,49.6514689396081,51.4841722614613,1.83270332185319,6.07979907132026
"Argentina",213,31213,14150885,4859088.41833077,5378282.17726297,519193.758932207,641123.824730336,34.3376998564455,38.0066842269086,3.6689843704631,4.53062705781537
"Argentina",214,31214,11374304.333,142467.158855143,143602.968326286,1135.80947114329,907950.819844095,1.25253514135195,1.26252089026363,0.00998574891167626,7.9824734178237
"Argentina",215,31215,39810581.4,1456837.6324981,1552448.09154639,95610.459048294,1698452.852034,3.65942315149936,3.89958658465206,0.240163433152709,4.2663352111557
"Australia_NZ",184,6184,161398540.5,117218630.671339,156562892.051371,39344261.3800315,1280903.88335427,72.6268219701401,97.0039081929436,24.3770862228035,0.793627922152288
"Australia_NZ",189,6189,57507570,47351061.4924258,55383896.112187,8032834.61976121,1093974.71926798,82.3388320745004,96.3071402811612,13.9683082066608,1.90231428535058
"Australia_NZ",191,6191,58609074.79,39625938.5266131,46280250.6484772,6654312.12186405,807755.798060064,67.6105853378429,78.9643085380587,11.3537232002158,1.37820943421186
"Australia_NZ",193,6193,297743200,117165836.933948,155139737.209171,37973900.275223,28226478.1354062,39.3513057339169,52.1052159072552,12.7539101733383,9.48014199330371
"Australia_NZ",201,6201,23717170,14046096.4184323,18113757.8553409,4067661.43690861,3277839.38341053,59.2233239397124,76.3740271513882,17.1507032116758,13.8205333242142
"Australia_NZ",202,6202,42606876.9,7791077.94172012,10260985.3861613,2469907.4444412,9354718.23030378,18.2859634607955,24.0829324576975,5.79696899690199,21.9558881357572
"Australia_NZ",208,6208,68672691,52156663.4240467,55313881.7247072,3157218.30066051,1565581.60619488,75.9496426666121,80.5471300443246,4.59748737771251,2.27977320154074
"Australia_NZ",211,6211,5703535.4,2958529.17817778,5202018.47088196,2243489.29270419,233107.922179939,51.8718473839537,91.2069112586198,39.335063874666,4.08707767781961
"Brazil",156,7156,153072.09,84467.4718676315,103148.975304935,18681.5034373035,49598.8003252456,55.1814977293584,67.3858802770217,12.2043825476633,32.4022493749485
"Brazil",161,7161,7887024.475,4364966.16250487,7685875.52079117,3320909.3582863,78672.035472476,55.3436365810804,97.4496217826326,42.1059852015522,0.997486894098626
"Brazil",168,7168,348655613,253989503.510266,341712779.424869,87723275.9146031,1377276.55078964,72.8482473937012,98.0086844105586,25.1604370168574,0.395024918411292
"Brazil",172,7172,22271747,16045940.0226425,18414978.00984,2369037.98719747,452270.51272438,72.0461669335705,82.6831321756661,10.6369652420956,2.03069167732724
"Brazil",174,7174,73440469,63042426.7381321,69147718.7907764,6105292.05264427,321371.19659449,85.841536140152,94.1547892222425,8.31325308209057,0.437594150705234
"Brazil",186,7186,23302992.1,22011046.5943461,22887134.4195455,876087.825199448,35454.7059608319,94.455881458871,98.2154322557811,3.7595507969101,0.152146581901094
"Brazil",187,7187,30596593,27071771.5845948,30109736.8811739,3037965.29657913,13712.7432161313,88.479693097185,98.4087897668016,9.92909666961654,0.0448178763437199
"Brazil",192,7192,51086122,44282148.3316305,49266358.6469642,4984210.31533369,289223.373022149,86.681365893521,96.4378518435285,9.75648595000751,0.566148616687226
"Brazil",195,7195,56141062,51366388.0227704,54511367.064852,3144979.04208155,256457.454078851,91.4952197070487,97.0971426668985,5.60192295984987,0.45680905373477
"Brazil",206,7206,81000820,76182211.347662,79503277.283885,3321065.936223,116464.586251533,94.0511606520304,98.1512005481981,4.10003989616772,0.143781984246003
"Canada",2,8002,90427119.1,6066149.49199412,6709291.21344079,643141.721446672,8895887.12867595,6.70832992620918,7.41955652266355,0.711226596454372,9.83763191530885
"Canada",7,8007,45954947,6420120.1289283,7743898.18448489,1323778.05555659,4593389.25847356,13.970465745349,16.851065423892,2.88059967854297,9.99541846598922
"Canada",10,8010,134093053,24699408.8251296,25591726.1242932,892317.299163643,11164454.3572722,18.4196036055123,19.0850499349084,0.665446329396082,8.32590063951498
"Canada",15,8015,130621749.3,23138314.2440007,24855241.23811,1716926.99410931,10795921.1581786,17.7139828305765,19.0284094121453,1.31442658156876,8.26502570669414
"Canada",19,8019,44875370,22563542.3243009,24409494.9059544,1845952.58165352,1637329.79660995,50.2804596915878,54.393969132632,4.11350944104421,3.64861570302362
"Canada",23,8023,52036101,35331958.30684,40249082.574367,4917124.26752704,1330183.23892926,67.8989348314931,77.3483827590522,9.44944792755905,2.55626999980121
"Canada",27,8027,20207431.5,12669854.5131437,13847570.2466403,1177715.73349652,1473076.82328437,62.6989853368734,68.5271170986785,5.82813176180516,7.28977764088608
"Canada",34,8034,8324499.9722,15004.9811418421,15004.9811418421,0,39866.4518704905,0.180250840194028,0.180250840194028,0,0.478905063410729
"Canada",40,8040,22447613,8975340.00462192,9533718.138011,558378.133389086,1224889.93390769,39.9834940339622,42.4709662359691,2.48747220200689,5.45666006406869
"Canada",223,8223,1797789.64,1313765.52820204,1789962.79884741,476197.270645363,1765.6441021352,73.0767103654043,99.5646408801982,26.4879305147938,0.0982119410886802
"Canada",227,8227,37675915.6,26957072.3712475,29888598.7373254,2931526.36607787,648068.971388319,71.5498799218234,79.3307827065134,7.78090278469004,1.72011472333885
"Canada",229,8229,9365442.2,3176032.08878982,3469935.06871683,293902.979927012,1059248.25300884,33.9122491065058,37.050413580224,3.13816447371819,11.3101787442438
"Canada",232,8232,3709843.21,3321922.14431329,3456104.80196074,134182.657647444,10249.3135204817,89.5434646768615,93.1604007588434,3.61693608198187,0.276273495679127
"Central America and Caribbean",101,9101,11254011.957,8338779.78295582,10569943.2176355,2231163.4346797,173531.171221512,74.0960629401952,93.9215566681623,19.8254937279671,1.54194941221451
"Central America and Caribbean",111,9111,4507882.77,2783549.50190316,4389137.99269326,1605588.4907901,40986.2321357073,61.7484891228252,97.3658414966558,35.6173523738306,0.909212466847431
"Central America and Caribbean",133,9133,3531994.48,2580530.08049761,3353409.3804631,772879.299965496,13624.9866502769,73.0615547422262,94.9437888267341,21.8822340845079,0.385759001816926
"Central America and Caribbean",135,9135,27267584,21911933.843091,25785777.1029452,3873843.25985428,461450.680648648,80.3589120440262,94.5656832044424,14.2067711604162,1.6923049751993
"Central America and Caribbean",143,9143,613857.24,392615.680287877,528820.626359024,136204.946071147,1397.94501361509,63.9587928111554,86.1471677615179,22.1883749503626,0.227731290359154
"Central America and Caribbean",157,9157,2053126.39,1475196.17557854,1922103.99794269,446907.822364158,18112.2575543947,71.8512110488501,93.6183961837193,21.7671851348693,0.882179374957753
"Central Asia",18,10018,911214.431,124427.812459089,127269.661747698,2841.84928860934,350.642859199589,13.6551626297816,13.9670375509777,0.311874921196166,0.038480828142151
"Central Asia",38,10038,8432839,4927377.06769049,5010526.19124959,83149.1235591015,41630.6279782739,58.4308210756838,59.4168368594442,0.986015783760386,0.493672747437415
"Central Asia",42,10042,95065023.9,19128558.9111693,20104954.4626843,976395.551515017,9273541.82713741,20.1215527293096,21.1486345218121,1.02708179250246,9.75494608500004
"Central Asia",43,10043,18371508.1,10480122.2558262,12002906.6591347,1522784.40330843,843683.946681652,57.0455196099347,65.3343568410405,8.28883723110589,4.59234996979726
"Central Asia",45,10045,32010898.3,2873612.27070822,2912232.90124194,38620.6305337199,108246.955348139,8.976981038699,9.09762941967155,0.120648380972551,0.33815656884624
"Central Asia",47,10047,88130.21,27455.6772985735,33957.1271871429,6501.44988856948,3902.76355915153,31.1535366800708,38.530632330438,7.3770956503672,4.42840605866199
"Central Asia",48,10048,31062603.1,13315792.1061568,14514203.4563378,1198411.35018098,4504435.44512726,42.8675989043455,46.7256508078609,3.85805190351539,14.501152497188
"Central Asia",52,10052,52110100,6578378.39817877,6739069.96227681,160691.564098034,870933.380935916,12.6239987990404,12.9323681249447,0.308369325904257,1.67133315985944
"Central Asia",56,10056,55895948.4,42549179.8892885,43036816.4502073,487636.560918875,1267357.82734968,76.1221181628407,76.9945187122137,0.872400549373047,2.26735186292981
"Central Asia",58,10058,46958396.02336,10506082.9837167,10761134.6430951,255051.659378307,720280.010278154,22.3731725813002,22.9163164724404,0.543143891140209,1.53386842668102
"Central Asia",68,10068,32667761.5,14722861.7933505,15258684.1680609,535822.374710457,820104.416055965,45.0684745979625,46.7086922012117,1.64021760324918,2.51043958446913
"Central Asia",70,10070,2671081,1351705.48898525,1398898.89729338,47193.4083081358,104775.934376636,50.6051852783666,52.3720133269407,1.76682804857418,3.92260415826536
"Central Asia",72,10072,11008240,8695551.327989,9456366.03632071,760814.70833171,318247.258304503,78.9912949571321,85.9026150985145,6.91132014138236,2.89099127839239
"Central Asia",76,10076,98855580.1,27528893.6266779,28267322.7490495,738429.122371621,1185740.89777797,27.8475869534429,28.5945646370745,0.746977683631661,1.19946784650751
"Central Asia",85,10085,918613.9,99112.9006311204,99372.4091794991,259.508548378726,3538.03257560608,10.7893970068513,10.8176470200918,0.0282500132404622,0.385149035476829
"China",37,11037,2482968.19,2408506.11555355,2436677.54899304,28171.4334394881,155.510170684213,97.0010862504667,98.1356732158957,1.13458696542899,0.00626307543167572
"China",42,11042,73999946.32,29338648.7997025,29374820.9606954,36172.1609928943,112076.271658747,39.646851462341,39.6957327964388,0.0488813340978304,0.151454531026404
"China",43,11043,65225060,39842630.4710769,39870825.2701115,28194.799034521,27745.3319100033,61.0848506250158,61.12807756729,0.0432269422742133,0.0425378403791477
"China",56,11056,7653171.26,1143270.66421017,1146112.77961446,2842.11540428083,81252.9770894689,14.9385218933435,14.9756583340127,0.0371364406691826,1.06169030234754
"China",58,11058,24053.315,234.415266713426,234.415266713426,0,0,0.974565321717302,0.974565321717302,0,0
"China",66,11066,20059312,19216472.25068,19216472.25068,0,0,95.7982619278268,95.7982619278268,0,0
"China",68,11068,3862755,2035342.16640279,2036893.69903243,1551.53262963169,8083.69044223818,52.6914641597201,52.7316306375224,0.040166477802286,0.209272667881814
"China",76,11076,5336.498,220.208236938436,223.759982695507,3.55174575707156,151.837131114809,4.12645590682196,4.19301164725458,0.0665557404326125,2.84525790349418
"China",77,11077,17363847,15846177.9199298,15846177.9199298,0,0,91.259603473411,91.259603473411,0,0
"China",78,11078,26459091,23614585.2403326,23615033.5445302,448.304197568446,48.7294775589244,89.2494199454268,89.2511142749772,0.00169432955035548,0.000184169129464517
"China",79,11079,58313750,46521426.3285388,46534705.3616591,13279.0331202596,1605.61348356775,79.7777991100536,79.8005708116167,0.0227717015631127,0.00275340461480825
"China",85,11085,87931024,7535291.29230631,7535326.01790641,34.7256000991911,1454.91360413806,8.5695479815023,8.56958747336595,3.94918636443846e-05,0.00165460782549065
"China",89,11089,7316581,690138.221796344,690142.682254445,4.46045810065698,3587.1004045313,9.43252349418867,9.43258445788333,6.09636946636274e-05,0.0490270032482563
"China",92,11092,31696307,1416713.33968225,1416713.33968225,0,0,4.46964796145572,4.46964796145572,0,0
"China",106,11106,130699630,92264566.9692515,92492316.9029819,227749.933730409,157578.379018405,70.5928295047595,70.7670839641871,0.174254459427627,0.120565283175174
"China",108,11108,30141597,28569643.27465,28585793.1722234,16149.8975734524,981.347773712974,94.7847696147287,94.83834971393,0.053580099201288,0.00325579223195431
"China",109,11109,5946204.9,5448847.02675601,5449181.60315937,334.576403364539,14.0164919628842,91.6357091353513,91.6413358570837,0.00562672173245391,0.000235721644285823
"China",110,11110,21330161.7,5385648.38065856,5392385.11197157,6736.73131301906,67639.2790308735,25.2489805581669,25.2805636816695,0.0315831235026177,0.317106264744695
"China",112,11112,3948963.5,3667336.89787105,3667470.47121042,133.573339365423,0,92.8683412209572,92.8717237120682,0.00338249111103262,0
"China",124,11124,2359131,2209270.88438163,2209270.88438163,0,0,93.6476560386698,93.6476560386698,0,0
"China",125,11125,12673122,8825577.40549039,8830650.2985156,5072.89302521572,0,69.6401202915145,69.6801490470588,0.040028755544338,0
"China",127,11127,9458080,3681435.58844377,3685189.56557595,3753.97713218722,11094.2204583601,38.9237095525071,38.9634002416553,0.039690689148191,0.117298864657099
"China",137,11137,1517107.8,1180918.11258907,1188772.99514025,7854.88255118369,18748.1878366557,77.8400923513194,78.3578461029766,0.517753751657179,1.23578481612551
"Colombia",143,32143,9781185,7886269.78747658,8943081.79444792,1056812.00697134,298947.132455861,80.6269361787614,91.4314757817987,10.8045396030373,3.05634882129171
"Colombia",156,32156,31910497.9,25666881.1729216,28455770.8261836,2788889.653262,558340.513118819,80.4339727112864,89.1736973686758,8.73972465738932,1.74970793269515
"Colombia",157,32157,7070291,5916164.1104863,6349808.37145483,433644.260968525,75946.2972611726,83.6763877255731,89.8097174706787,6.13332974510561,1.07416084092115
"Colombia",166,32166,22851251.8,17725116.4098095,19102367.2395344,1377250.82972496,954250.986904293,77.5673760236167,83.5944017716108,6.02702574799406,4.17592434434727
"Colombia",168,32168,33422908.8,25680042.4045033,32742675.5895208,7062633.18501759,198529.180609614,76.833654898712,97.9647695700287,21.1311146713167,0.593991330310585
"EU-12",20,12020,4902108,3711596.8609764,4514508.21649963,802911.355523231,176655.538728965,75.7143021119974,92.0932018735537,16.3788997615563,3.60366476481066
"EU-12",21,12021,4369.704,3337.76265128424,3683.72740921202,345.964757927782,21.7843399483924,76.3841818870166,84.3015318477412,7.91734996072462,0.498531249448301
"EU-12",22,12022,1216653.4,960784.339263697,1104594.78199241,143810.442728712,45000.5803043398,78.9694369212873,90.7896021983261,11.8201652770388,3.69871816446161
"EU-12",25,12025,1517729.9,1253281.86861036,1435580.21946098,182298.350850626,18561.9868952013,82.5760808039925,94.5873320055815,12.011251201589,1.22300989755828
"EU-12",29,12029,5534157,4757299.24193834,5276860.63432488,519561.392386535,25165.9687341608,85.962491521985,95.3507577454864,9.38826622350134,0.454738973508716
"EU-12",30,12030,9625362,8163837.832847,9262178.55828554,1098340.72543854,49271.7748981624,84.8159044080316,96.2268074518708,11.4109030438392,0.511895291815127
"EU-12",31,12031,2574544,1919563.37231422,2425778.73746055,506215.365146329,20805.2793551731,74.5593539016704,94.2216849842361,19.6623310825657,0.808115120781508
"EU-12",33,12033,1637518.3,1471070.63162499,1563271.49454713,92200.862922136,10006.4300726679,89.8353704886837,95.4658946130331,5.63052412434939,0.611072870005052
"EU-12",35,12035,2821661.2,2265642.93726241,2742609.52397896,476966.586716552,22294.1909680177,80.2946483178919,97.1983994385634,16.9037511206715,0.790108712130914
"EU-12",49,12049,12310.209,6438.12873101817,12102.9959649773,5664.8672339591,30.6465159702583,52.2991017538222,98.3167382858998,46.0176365320776,0.248952036234789
"EU-12",54,12054,22591370.99,18829774.07649,20825358.8895595,1995584.81306947,276954.004559252,83.3494084304354,92.1828024460212,8.83339401558589,1.22592827448075
"EU-12",55,12055,4233836.8,3626412.65996544,3847314.45133865,220901.791373204,104986.711124114,85.653104530752,90.870636566309,5.21753203555707,2.47970614087236
"EU-12",75,12075,705840.825,589752.125580402,605647.146578072,15895.0209976704,4121.06033171656,83.5531333258319,85.8050604508562,2.25192712502431,0.58385122902413
"EU-15",1,13001,1722439.83,0,0,0,622591.197065153,0,0,0,36.1458894657094
"EU-15",8,13008,2350071.669,136061.5649955,151530.356920015,15468.7919245154,1267089.76964675,5.78967725922147,6.44790364987013,0.658226390648661,53.9170692690373
"EU-15",12,13012,27306334,19561361.4085647,20847517.9555118,1286156.5469471,2004929.24373626,71.6367177247767,76.346821054455,4.71010332967838,7.34235962885484
"EU-15",13,13013,14522077.3,10918222.3517357,11102068.4377356,183846.085999962,268027.884488801,75.1836126897334,76.4495891902163,1.2659765004829,1.84565802090036
"EU-15",16,13016,5670278,3924425.09340978,4778438.98997968,854013.8965699,276011.952349109,69.2104530573241,84.271688089714,15.0612350323899,4.86769700443451
"EU-15",17,13017,225727.8114,203222.817064722,203316.773194779,93.9561300572241,0,90.030030329139,90.0716539684569,0.041623639317855,0
"EU-15",21,13021,2520317,1859750.61088916,2262888.1025594,403137.49167024,51893.5770653097,73.7903450593383,89.7858524367929,15.9955073774545,2.05900992078813
"EU-15",24,13024,6596880,5688371.75192261,6003147.45980278,314775.707880176,44687.4388972119,86.2282132147713,90.9997977802049,4.77158456543359,0.677402634233332
"EU-15",26,13026,8257808,5018844.25775488,7466621.73239046,2447777.47463558,157364.979757126,60.7769550679173,90.4189311787154,29.6419761107982,1.90565074602275
"EU-15",28,13028,3330004,2107668.18854068,3056157.55867649,948489.370135807,49119.4506508986,63.2932629672722,91.7763930216448,28.4831300543725,1.47505680626506
"EU-15",29,13029,238972.2,131041.265455605,220881.985441078,89840.719985473,5986.00125859245,54.8353597010886,92.4299920413663,37.5946323402777,2.50489440135399
"EU-15",31,13031,4828609,2816083.80094914,4372374.64874654,1556290.84779739,105442.339668905,58.3208083518285,90.5514331093393,32.2306247575108,2.1837001022221
"EU-15",32,13032,11439393,7208740.51450427,9932619.76446626,2723879.24996198,285867.257412476,63.0168096725436,86.8282063957961,23.8113967232526,2.49897225676638
"EU-15",36,13036,1158831.9,786404.61918287,936275.140607587,149870.521424717,46864.1477978662,67.8618373538794,80.7947330935218,12.9328957396424,4.04408506513034
"EU-15",41,13041,4877005.23,3707365.90199461,4186224.27520007,478858.373205463,243894.302102742,76.0172632005689,85.8359603440506,9.8186971434817,5.00090302553851
"EU-15",44,13044,6182399,5041690.96193961,5998739.08862885,957048.126689246,25953.5437221329,81.5491035428093,97.0293099592707,15.4802064164614,0.41979729425637
"EU-15",46,13046,3058311,2548308.56872557,2872329.31965281,324020.750927237,20364.8306502239,83.3240494091533,93.9188107309168,10.5947613217634,0.665884883853339
"EU-15",50,13050,3653177,2521862.54391788,2901998.56766958,380136.023751697,158182.067741844,69.032038248294,79.4376666575306,10.4056284092366,4.3299864129727
"EU-15",54,13054,8490116.783,4881098.22213868,6523093.61570898,1641995.3935703,637064.009520169,57.4915321767097,76.831612360979,19.3400801842693,7.50359536627082
"EU-15",55,13055,8536970,5635473.25799564,6576850.50233319,941377.244337555,356663.523301315,66.0125695416013,77.0396346986483,11.027065157047,4.17787017292219
"EU-15",57,13057,4422705.845,2347026.63685222,2462643.43219794,115616.795345726,266451.160147238,53.0676630801843,55.6818273361326,2.61416425594829,6.02461862681799
"EU-15",59,13059,4206961,2967018.29545112,3545137.42875249,578119.13330137,206099.384846122,70.5264036308186,84.2683692278701,13.7419655970514,4.89900868693868
"EU-15",60,13060,7089385.8,5936864.59634467,6357032.39996142,420167.803616742,116543.279195633,83.7430034678699,89.6697200477003,5.9267165798304,1.64391221585984
"EU-15",61,13061,2252596,1419402.31104406,1824565.37966769,405163.068623629,142595.520366991,63.01184549045,80.9983405665146,17.9864950760646,6.33027495241008
"EU-15",62,13062,6129598.77,3901295.85898542,4950571.54623216,1049275.68724674,376194.591197416,63.6468389754885,80.7650179398637,17.1181789643752,6.13734447087498
"EU-15",63,13063,4173141.9,3088901.87910979,3514668.17262087,425766.293511083,253557.122685199,74.0186160242907,84.2211517566866,10.2025357323959,6.07592861113109
"EU-15",64,13064,4717486.09,3399012.45357887,4306886.69281874,907874.239239876,155090.716917531,72.051350840949,91.2962245283216,19.2448736873727,3.28757126059763
"EU-15",67,13067,6501711.6,5220639.11756287,5942750.3361853,722111.218622427,156497.699747592,80.2963809954731,91.4028597667313,11.1064787712581,2.40702309446626
"EU-15",69,13069,1045706.3,820735.910589521,917288.583589962,96552.6730004404,29047.0074707218,78.4862738791496,87.7195235019586,9.23324962280904,2.77774050617481
"EU-15",71,13071,5726395.5,5010934.87110536,5448910.34558157,437975.474476206,53882.0348735971,87.5059166120357,95.1542789103821,7.64836229834642,0.940941555182437
"EU-15",73,13073,5955352,4655544.14129306,5333380.08339732,677835.942104256,247418.481764961,78.1741220551373,89.5560847351646,11.3819626800272,4.15455680478603
"EU-15",74,13074,6415711.9,5644840.29964533,6185102.09396588,540261.794320553,57976.5596548837,87.9846287930311,96.4055461088563,8.42091731582512,0.903665260512768
"EU-15",75,13075,8580.625,4164.92065202131,4392.91032341099,227.989671389673,8.35462901559148,48.5386629997385,51.1956917288774,2.65702872913888,0.0973662060233547
"EU-15",80,13080,0,0,0,0,0,0,0,0,0
"EU-15",81,13081,4308524,3890838.51366947,4207044.19137558,316205.677706107,11762.0816438644,90.3056014929817,97.6446734746187,7.33907198163704,0.272995616221805
"EU-15",83,13083,3246743.3,2501266.96095694,3092583.32163894,591316.360682001,89368.7987908234,77.0392584149459,95.251858120072,18.2125997051261,2.75256743552296
"EU-15",86,13086,11301.5,3345.54765174589,4736.56769416948,1391.02004242358,2065.32361579463,29.6026868269335,41.9109648645709,12.3082780376373,18.2747742847819
"EU-15",215,13215,764371,539650.995774491,541319.921538975,1668.92576448352,58.9973757366841,70.6006632609677,70.8190030154172,0.218339754449543,0.00771842151738934
"Europe_Eastern",17,14017,28750.351,23760.4386464568,27886.3551880183,4125.91654156151,13.5192768662164,82.6439950122932,96.9948338648746,14.3508388525814,0.0470229976191123
"Europe_Eastern",25,14025,2189081.7,1855958.00532177,2033273.04148654,177315.036164771,29885.5020207151,84.7824914584856,92.8824648932264,8.09997343474075,1.36520724743691
"Europe_Eastern",30,14030,961432.9,809338.192879797,926544.961048383,117206.768168586,4120.64829504893,84.1804137220389,96.3712559709973,12.1908422489584,0.428594475500987
"Europe_Eastern",35,14035,2489200.2,2190085.769864,2429508.13296508,239422.363101077,8455.89352675151,87.9835125300087,97.6019579688721,9.61844543886335,0.339703231855417
"Europe_Eastern",39,14039,18032394,16490146.0041298,17191015.0573026,700869.05317281,37933.3603074703,91.4473475021111,95.3340696598724,3.88672215776125,0.210362308562414
"Europe_Eastern",47,14047,4708546,4295400.61008219,4383160.33906507,87759.7289828751,16009.763744788,91.2256269787359,93.0894662400042,1.86383926126824,0.340015022573593
"Europe_Eastern",49,14049,2742427.1,2286636.75712561,2561416.5561504,274779.799024788,21571.9001114851,83.380037964386,93.3996224056566,10.0195844412706,0.786598852946175
"Europe_Eastern",53,14053,1943994.51,1771511.60432329,1816113.26261741,44601.6582941241,3278.85937468108,91.1273974906076,93.4217279562901,2.29433046568244,0.168666082018981
"Europe_Eastern",54,14054,2103580.1,1741001.49213314,1916247.64379355,175246.151660408,29132.0071329454,82.7637365524205,91.0945888770079,8.33085232458742,1.38487748258055
"Europe_Non_EU",54,15054,8724331,7864379.64504878,8161755.07478261,297375.429733825,63025.1512337435,90.1430682197728,93.5516439573717,3.40857573759896,0.722406694951665
"Europe_Non_EU",55,15055,8450860,6776599.26604679,7066992.80790833,290393.541861533,192511.216497338,80.1882798442619,83.6245400812264,3.43626023696444,2.27800740394869
"Europe_Non_EU",70,15070,18662172,16395024.1807198,16395091.4347136,67.2539937905967,760.576005947577,87.8516401023406,87.8520004783665,0.000360376025848421,0.00407549563870474
"Europe_Non_EU",72,15072,2684159.59,2511645.37586132,2515815.59158294,4170.21572161745,240.077460556531,93.5728779025886,93.7282418286812,0.15536392609269,0.00894423198422902
"Europe_Non_EU",75,15075,15900632,12877740.0242583,12877906.2057517,166.181493392214,9.76900764007835,80.9888564445634,80.9899015696465,0.00104512508302949,6.14378575648965e-05
"Europe_Non_EU",84,15084,11045382.05,10018294.6592222,10020108.0949972,1813.43577500805,550.616973394781,90.7012053894705,90.717623434286,0.0164180448154625,0.00498504235437271
"Europe_Non_EU",99,15099,27548.15,26786.5176868112,26786.5176868112,0,0,97.2352687451288,97.2352687451288,0,0
"European Free Trade Association",1,16001,68979.6,0,0,0,31596.2766974282,0,0,0,45.8052477796743
"European Free Trade Association",8,16008,17351250.15,9349155.67173958,10359251.0005927,1010095.32885315,1060036.54955243,53.8817410325883,59.7031966632833,5.82145563069503,6.10928054398677
"European Free Trade Association",11,16011,1866946.1,766068.473457922,812187.665068285,46119.1916103634,47711.8762871855,41.0332399771971,43.503541161059,2.47030118386189,2.55561080671721
"European Free Trade Association",12,16012,1247833.145,829565.045499466,985230.648673037,155665.603173571,96302.8241175734,66.4804464301568,78.9553196772183,12.4748732470615,7.71760427293133
"European Free Trade Association",32,16032,1806537,1022750.05478871,1066553.28001482,43803.2252261107,55404.6863938957,56.6138448749576,59.0385516607091,2.42470678575145,3.06690017386279
"European Free Trade Association",54,16054,132593.3,18384.2308795414,20524.2644421218,2140.0335625804,16709.5424452161,13.8651280868199,15.4791112689116,1.6139831820917,12.6021016485871
"European Free Trade Association",57,16057,294198.45,46194.1435191754,48766.4745099264,2572.33099075102,13496.1062140685,15.7016950698331,16.5760473958739,0.874352326040813,4.58741581203725
"European Free Trade Association",62,16062,457596.704,163832.146510921,178183.631068709,14351.4845577874,34924.3498087139,35.8027374495515,38.9390110355141,3.13627358596258,7.63212442384942
"India",89,17089,7442100,3004975.67350246,3128203.56953906,123227.896036608,562777.522937337,40.3780609438526,42.0338825000882,1.65582155623557,7.56207956003462
"India",107,17107,12539406.1,11250962.3285927,11962586.8892346,711624.560641961,168827.020824761,89.7248421405912,95.3999479228496,5.67510578225839,1.34637174582583
"India",110,17110,33705515,27364836.8372782,28904604.7065368,1539767.8692586,379938.678175368,81.1880098472852,85.7563063686663,4.56829652138114,1.12723000427487
"India",113,17113,795602.82,732991.97643673,759199.865922319,26207.8894855897,162.604641698243,92.1303894368712,95.4244815173379,3.2940920804667,0.0204379167105319
"India",116,17116,710335.842,644395.959914869,696020.5946013,51624.634686431,1256.95882658675,90.7170836403985,97.984721232932,7.26763759253345,0.176952752806011
"India",117,17117,1770186,1599517.66417538,1728841.59443875,129323.930263377,233.253698744115,90.3587342898078,97.6644033134797,7.30566902367189,0.0131767903906208
"India",118,17118,1958808.7,1788492.37515629,1900698.88122813,112206.506071838,4012.67399069073,91.3051067802735,97.0334102165324,5.7283034362589,0.204852775602372
"India",120,17120,2210872.15,2060902.17947194,2170338.76542549,109436.585953557,1252.85080700874,93.2167054287574,98.1666337162686,4.94992828751121,0.0566677185294833
"India",122,17122,5626277.7,5214608.11473281,5502730.94452997,288122.829797168,6714.33928510982,92.6830916066017,97.8041120247224,5.12102041812064,0.119338924296428
"India",123,17123,11933937.9,11100671.6894161,11707197.034852,606525.34543588,8228.45414710571,93.0176759962538,98.100033140377,5.08235714412323,0.0689500332250406
"India",128,17128,2417146.45,2328125.19587154,2363986.5594834,35861.3636118597,0,96.3170930694555,97.800717018342,1.4836239488865,0
"India",129,17129,4177471.7,3641423.98466034,3914804.63917299,273380.654512643,10364.3250207055,87.1681305383911,93.7122958648167,6.54416532642562,0.248100424491337
"India",137,17137,1123147.31,989027.219002858,1007245.42395898,18218.2049561212,5195.24727147514,88.0585485267162,89.6806158008765,1.62206727416025,0.462561520222591
"India",140,17140,7030181.7,6567316.58381,6805327.48773827,238010.903928269,13711.8715514593,93.4160291164309,96.801587471605,3.38555835517407,0.19504291832826
"India",141,17141,107456.24,84207.0370672954,85914.9930377391,1707.9559704437,422.27031633529,78.3640271307608,79.9534703966369,1.58944326587614,0.392969562619435
"India",145,17145,2044982,1926414.93410462,1957071.55565954,30656.6215549195,5659.52976668963,94.2020484339042,95.701162927573,1.49911449366887,0.276752057802446
"India",147,17147,2205736.81,2148532.12432152,2155616.13553721,7084.01121568587,39.6672911841604,97.4065498014482,97.7277128333915,0.32116303194332,0.00179836918912191
"India",153,17153,2853302.9,2491811.8495018,2714187.77257318,222375.923071379,8104.89293289304,87.3307859989838,95.1244178307595,7.79363183177569,0.284053015643486
"India",155,17155,2532289.5,2145222.61505465,2315167.68154176,169945.066487108,30755.9625241279,84.7147458872553,91.4258690225488,6.71112313529351,1.21455159546837
"India",235,17235,2974409,2686629.06912825,2903591.8199481,216962.75081985,1634.69834942395,90.3248029819791,97.6191176111996,7.29431462922047,0.05495876153629
"Indonesia",158,18158,6190795.9,4727461.18009491,5202315.74513638,474854.56504147,63871.6084807607,76.3627368186199,84.0330682705333,7.67033145191348,1.0317188534799
"Indonesia",159,18159,400807.96,252813.598989739,337514.859943085,84701.2609533452,18066.0503503447,63.0759925500829,84.2086219902131,21.1326294401302,4.50740807401747
"Indonesia",163,18163,26699690,21272868.0326823,24852385.9081975,3579517.8755152,395546.08522722,79.6745881045146,93.0811777522416,13.406589647727,1.48146321259618
"Indonesia",164,18164,13241916.6,10468079.7874782,11811712.1200643,1343632.33258611,199695.500170417,79.0526032121228,89.1994148344382,10.1468116223154,1.50805586685553
"Indonesia",165,18165,38516091,33652552.3210423,37669457.064678,4016904.74363565,101145.084683082,87.3727095541506,97.8018695216967,10.4291599675462,0.262604750526427
"Indonesia",167,18167,36779026,28255715.705141,32156370.465592,3900654.760451,1489367.52794484,76.8256225848422,87.4312725562443,10.6056499714022,4.04950236568211
"Indonesia",175,18175,8690052,7188780.20247415,7659924.1798154,471143.977341246,203516.796680914,82.7242483989066,88.1458957876823,5.42164738877565,2.34195142538749
"Indonesia",178,18178,370997.751,321975.765459148,321975.765459148,0,0,86.7864467079068,86.7864467079068,0,0
"Indonesia",181,18181,213538.6,204989.41936328,204989.41936328,0,0,95.9964237675435,95.9964237675435,0,0
"Japan",51,19051,30786650,20390956.3433356,25221833.2029272,4830876.85959166,2754854.96034499,66.2331118953688,81.9245783575907,15.691466462222,8.94821281414181
"Japan",103,19103,29722.14,5207.452634145,13444.1444474477,8236.69181330271,11289.9004242956,17.5204498536949,45.2327606540031,27.7123108003082,37.9848167874035
"Mexico",91,20091,11768328.1,3038277.89746927,3430799.34831752,392521.450848256,4292768.54788063,25.8174132438512,29.1528186430961,3.33540539924491,36.4773017152761
"Mexico",96,20096,27387330,23344500.1395919,24916100.0279454,1571599.88835347,70888.8258839358,85.238320564991,90.9767400763251,5.73841951133415,0.258838031615115
"Mexico",105,20105,5734658.1,5044770.63527405,5450375.83235626,405605.197082209,68061.7247707833,87.9698588355957,95.0427338005776,7.07287496498195,1.18684886847541
"Mexico",111,20111,11033649,9296326.51057279,10704993.0348041,1408666.52423133,79713.426509587,84.2543252062195,97.0213302489876,12.7670050427681,0.722457516181519
"Mexico",114,20114,20642365.1,18849453.9042682,19222141.0052144,372687.100946218,18528.2920370427,91.3144100152951,93.1198576911828,1.80544767588777,0.0897585714974238
"Mexico",115,20115,4831087.8,4178423.724095,4652811.28569702,474387.561602017,27929.6107570347,86.4903288260462,96.3098059550278,9.81947712898154,0.578122607439151
"Mexico",130,20130,3928142,3069496.60229976,3558507.49324419,489010.890944438,97383.5238051281,78.1411823274147,90.5900930578425,12.4489107304277,2.47912432404756
"Mexico",131,20131,10153955,8572206.79251306,9777033.73483022,1204826.94231716,61766.6393291087,84.4223437322015,96.2879364231004,11.8655926908989,0.608301290769052
"Mexico",132,20132,7221555.6,6166511.720067,6960483.04454959,793971.324482594,37688.3979905715,85.3903516309838,96.3848155451381,10.9944639141544,0.521887527814249
"Mexico",133,20133,6024049,4575278.66606276,5695113.07884064,1119834.41277788,50030.6022240146,75.9502232810981,94.5396207574115,18.5893974763134,0.830514529745933
"Mexico",134,20134,12521847,11398127.6370824,12116500.0497209,718372.412638467,33201.8280641662,91.0259296179103,96.7628821029428,5.73695248503249,0.265151203845297
"Mexico",135,20135,136264.93,101832.715468826,110895.005616919,9062.29014809261,4283.68853956322,74.731418765508,81.381912144907,6.65049337939895,3.14364711416446
"Mexico",136,20136,6016888,5493925.07652203,5711837.90854824,217912.83202621,19131.1646417766,91.308415189414,94.9301018823724,3.62168669295838,0.317957798811888
"Mexico",217,20217,418528.7101,353159.894586646,364960.589414671,11800.6948280254,1512.81671696565,84.3812828281874,87.2008492147338,2.8195663865463,0.361460678911176
"Mexico",221,20221,4660299.55,2541102.35403727,2574065.72056286,32963.366525589,841606.946327488,54.5265884043284,55.2339113171998,0.70732291287132,18.0590740423003
"Mexico",231,20231,23042311.7,18062558.6857814,20334185.2523147,2271626.56653323,699907.619227548,78.388657010405,88.2471581716979,9.85850116129292,3.03748872222551
"Middle East",52,21052,10407861,5542188.86456113,5657628.39662239,115439.53206126,248420.718868038,53.2500276911954,54.359184818306,1.10915712711056,2.3868566160524
"Middle East",72,21072,9909981,7651828.9423818,7999915.06051934,348086.118137536,301909.974260775,77.2133563362211,80.7258365128989,3.51248017667779,3.04652424924705
"Middle East",75,21075,2408761,1794131.61991699,1851230.82119585,57099.2012788632,12977.8561854453,74.4835880320623,76.8540681784473,2.37048014638494,0.53877724628742
"Middle East",82,21082,31274352.3141,11605168.0981021,12169997.8392156,564829.74111353,1530098.37429424,37.1076209078513,38.9136686732558,1.80604776540449,4.89250219773344
"Middle East",84,21084,44219584.1,29191681.5167428,30081113.3724593,889431.855716556,349493.792077979,66.0152783226715,68.0266763803854,2.01139805771388,0.790359744875978
"Middle East",88,21088,15106223,12511958.5865171,13310161.440301,798202.853783838,160341.639214671,82.8265184918634,88.1104524956434,5.28393400378002,1.0614277256113
"Middle East",90,21090,949546.65,119183.761017168,135236.976737769,16053.215720601,35096.5532867085,12.5516488333847,14.2422677956653,1.69061896228069,3.69613786607624
"Middle East",93,21093,48622870,6265050.05862005,6479028.32730465,213978.268684598,2498437.75102749,12.8849861364005,13.3250635499399,0.440077413539344,5.13840040916444
"Middle East",94,21094,125767685.4,48302831.7198122,50559248.2654135,2256416.54560134,7043658.7598495,38.4063931575004,40.2005078686242,1.79411471112383,5.60053143814118
"Middle East",95,21095,2227515.5,1524930.23274558,1571471.4945416,46541.2617960221,76194.2345399067,68.4587933392866,70.5481732693487,2.08937993006208,3.4205927877901
"Middle East",97,21097,106346.63,40162.5228033738,40340.8534155819,178.33061220809,8360.31652544156,37.7656751355203,37.9333632063206,0.16768807080026,7.86138359573929
"Middle East",98,21098,670889.159,21948.5904746129,21948.5904746129,0,104134.161207218,3.27156731930631,3.27156731930631,0,15.5218130760134
"Middle East",99,21099,11264326.6,1765288.33438114,1809791.2086011,44502.8742199552,2161393.26196303,15.6714945958788,16.0665725779035,0.395077982024733,19.1879491665576
"Middle East",100,21100,234548.94,35081.87835675,35081.87835675,0,0,14.9571677265947,14.9571677265947,0,0
"Middle East",102,21102,427155.07,398377.949886612,398377.949886612,0,0,93.2630742008076,93.2630742008076,0,0
"Middle East",104,21104,368690.3,357001.58690585,357001.58690585,0,0,96.8296662282273,96.8296662282273,0,0
"Pakistan",58,22058,781.001,2.00000256081946,2.00000256081946,0,0,0.256081946222791,0.256081946222791,0,0
"Pakistan",85,22085,606.951001,0.700058824682814,0.750063026445873,0.0500042017630582,13.3511218707365,0.115340253748558,0.123578843302027,0.00823858955346845,2.19970341077607
"Pakistan",89,22089,17729367.974,13428165.6719921,13752146.7447706,323981.072778469,114702.04058331,75.7396749375636,77.5670444932838,1.82736955572012,0.646960685522011
"Pakistan",97,22097,367778.65,82933.6178409597,82933.6178409597,0,0,22.5498728218617,22.5498728218617,0,0
"Pakistan",102,22102,1408072.31,1065272.53946861,1096665.43181271,31392.8923440971,17852.0103312888,75.6546756798742,77.8841700120294,2.22949433215522,1.2678333495024
"Pakistan",104,22104,2861119.21,2186070.00906084,2518502.69732356,332432.688262728,8825.08816897523,76.4061141325473,88.0250878230119,11.6189736904646,0.308448810456074
"Pakistan",107,22107,3580597.8,2746342.85129549,3366732.89714081,620390.045845318,24538.2957794602,76.7006797383244,94.0271174031556,17.3264376648312,0.685312820654143
"Russia",1,23001,490038,0,0,0,0,0,0,0,0
"Russia",3,23003,45556109.75,70361.9678621505,80445.5700282839,10083.6021661335,3882622.8289591,0.154451221248431,0.176585688439483,0.0221344671910522,8.52272691910244
"Russia",4,23004,125847831,6983307.36346601,7454014.78015988,470707.416693872,11659582.6784569,5.54900891654303,5.92303794267211,0.374029026129081,9.26482608862514
"Russia",5,23005,37438193.1609,11020.4632609187,11727.0820117484,706.61875082967,3251749.56146337,0.0294364186154912,0.0313238461091013,0.00188742749361007,8.68564769535797
"Russia",6,23006,216624112.1,961942.839763444,984701.989066531,22759.1493030869,22077907.9515878,0.444060834427972,0.454567120677667,0.0105062862496953,10.1918053985588
"Russia",8,23008,20120217.41,1552784.79620432,1755770.39284567,202985.59664135,1483300.59376499,7.71753487828895,8.72639871164129,1.00886383335233,7.37218969128919
"Russia",9,23009,54995868.64,16931487.4573214,18245586.7126415,1314099.25532011,3742326.38359677,30.7868352223945,33.1762860808256,2.38945085843107,6.80474093080307
"Russia",13,23013,1309327.79,278436.509517715,293226.608955904,14790.0994381889,66699.0842541762,21.2656075617027,22.3952024233675,1.12959486166477,5.09414714661912
"Russia",14,23014,26195870.3,19805667.5427316,20881310.4544187,1075642.91168714,277441.571716679,75.6060681165137,79.7122226338811,4.10615451736736,1.05910423490178
"Russia",17,23017,16807478,11235936.0267992,11894216.2937121,658280.266912898,298384.04086474,66.8508150169776,70.7674065895675,3.91659157258988,1.77530525915155
"Russia",18,23018,105966646,88911196.5091471,94442377.7261765,5531181.21702941,1896533.37816965,83.9048888167576,89.1246267492287,5.21973793247114,1.78974559425959
"Russia",20,23020,1708754.67,1534371.19046815,1591146.85124132,56775.6607731616,17580.5766438111,89.7947035584783,93.1173373905872,3.32263383210895,1.02885317315979
"Russia",22,23022,2765107.5,2255852.40426512,2553890.21741328,298037.813148162,48906.9954512567,81.5828102258274,92.3613355868907,10.7785253610632,1.76871949648456
"Russia",25,23025,2377442.3,1851452.18859442,2167004.0372545,315551.848660078,52776.9526031175,77.8757990717343,91.1485438470787,13.2727447753444,2.21990466826966
"Russia",33,23033,467926.8,392676.291157468,449565.21113865,56888.9199811823,1218.71918136717,83.9183161036016,96.0759698180677,12.1576537144661,0.260450818668042
"Russia",35,23035,94123.247,91133.5495907662,93167.6416620538,2034.09207128761,63.7149341748782,96.823635494392,98.9847297363783,2.16109424198637,0.0676930898642694
"Russia",37,23037,9803996,4832802.70956176,5780986.0440728,948183.334511036,271929.5630329,49.2942133958619,58.9656099826316,9.67139658676968,2.77366048530517
"Russia",38,23038,6032595.9,5796420.42993118,5823013.58462121,26593.1546900347,1363.7457432707,96.0850109308859,96.5258353310423,0.440824400156402,0.0226062836940677
"Russia",39,23039,5730165.7,5444504.55914137,5616235.63672697,171731.077585599,2321.08559478835,95.0147839379474,98.0117492366228,2.99696529867538,0.0405064306393155
"Russia",42,23042,2272623.1,285415.942285113,308844.977626211,23429.0353410981,132717.657800521,12.5588771092361,13.589801917714,1.03092480847784,5.83984461834084
"Russia",43,23043,91693670,24361610.2904867,25918159.7728733,1556549.48238654,3584546.37927154,26.568475545244,28.2660294575114,1.69755391226738,3.90926263423804
"Russia",45,23045,10299673,6721528.66631605,7016631.91569172,295103.249375669,477648.940952221,65.2596317020555,68.1248027553081,2.86517105325256,4.63751558862326
"Russia",47,23047,5188396,3932656.2512075,4392490.99548397,459834.744276472,290168.595723003,75.7971490843701,84.6599025109874,8.86275342661725,5.59264550591364
"Russia",48,23048,184926840,20544788.2773778,21090890.448003,546102.170625184,5897958.20335579,11.1096843905286,11.4049915350324,0.295307144503839,3.18934677267821
"Russia",53,23053,15481752.5,14648232.5995734,15124815.9452741,476583.345700715,38125.7237689514,94.6161140321383,97.6944693133038,3.07835528116545,0.246262325721532
"Russia",56,23056,176890180,88667927.8778012,95278137.2226987,6610209.34489757,6993494.45298422,50.1259752677063,53.8628753855634,3.73690011785706,3.95357981601026
"Russia",70,23070,42357.6,2294.16586766641,2730.0235951023,435.857727435887,9680.09603956447,5.41618474055757,6.44518007418338,1.02899533362581,22.8532684561082
"Russia",72,23072,39836.75,5221.31900197151,7774.34158063088,2553.02257865937,9470.19011265792,13.1067895899427,19.5155015924514,6.40871200250867,23.7724967841451
"Russia",76,23076,379553.8,327991.740911856,332425.326193324,4433.58528146805,11904.3100986082,86.4150855325006,87.5831901019893,1.16810456948871,3.13639597301047
"South Africa",194,24194,48689119.192,32860796.2241594,32907571.8842187,46775.6600593664,3120.98657958498,67.4910468077612,67.5871168555165,0.0960700477552528,0.00641002883473354
"South Africa",196,24196,0,0,0,0,0,0,0,0,0
"South Africa",198,24198,29163765.8,24687758.8322921,24713178.2571016,25419.4248094708,1332.16647564276,84.6521639269648,84.7393249094792,0.0871609825143733,0.00456788223022544
"South Africa",199,24199,15255445.11,14812071.9220558,14819609.5457375,7537.62368169799,238.050030142237,97.0936725559478,97.1430819545419,0.0494093985940604,0.00156042664390169
"South Africa",204,24204,8488754.42,2429439.35247395,2429439.35247395,0,0,28.6195033131133,28.6195033131133,0,0
"South America_Northern",143,25143,14608730,10338390.4565148,13236008.0307556,2897617.57424076,438503.097725473,70.7685778059752,90.603413375123,19.8348355691478,3.00165105197696
"South America_Northern",156,25156,58559619.1,28756080.1767442,44041618.7310188,15285538.5542745,9286158.30626391,49.1056475754027,75.2081714462838,26.1025238708811,15.8576139137898
"South America_Northern",161,25161,46127984,35061867.9535185,45272059.640077,10210191.6865585,171023.991319474,76.0099725006809,98.144457473097,22.1344849724161,0.370759735173932
"South America_Northern",166,25166,75646.94,14024.0929407383,29939.1460282939,15915.0530875555,26782.7973998118,18.5388767090094,39.5774713799314,21.038594670922,35.4049977432157
"South America_Northern",168,25168,7205601.49,3328149.71124516,5610931.00099926,2282781.2897541,1401512.09636018,46.1883677006562,77.8690163310608,31.6806486304047,19.4503137358513
"South America_Southern",157,26157,7657073,6665203.41805107,6675339.0261507,10135.608099632,864.895817320498,87.046361162432,87.1787303862808,0.132369223848747,0.0112953842456575
"South America_Southern",168,26168,164691208,138814184.909419,154561619.816657,15747434.9072382,501495.132969219,84.2875503769569,93.8493449004619,9.56179452350501,0.304506317647035
"South America_Southern",169,26169,24698394,13150491.7751834,15559482.3755856,2408990.60040227,2876472.93338474,53.2443193479841,62.9979519137383,9.75363256575415,11.6463966579557
"South America_Southern",180,26180,13016909,6670281.18680405,7044796.49951035,374515.312706298,447341.858894627,51.243203642309,54.1203483830942,2.87714474078522,3.43662123546095
"South America_Southern",195,26195,3100805.5,2980495.48599899,3007263.40275828,26767.9167592893,14731.3367400115,96.1200399702266,96.9832968484568,0.863256878230168,0.475080966542774
"South America_Southern",200,26200,15898300.27,10485876.4047366,10518832.0148509,32955.6101142932,77867.0822032263,65.9559589808692,66.163249128587,0.207290147717742,0.489782435108242
"South America_Southern",205,26205,1426,0,0,0,0,0,0,0,0
"South America_Southern",206,26206,65346594,61223571.6479449,64010904.0055321,2787332.35758718,22839.3855775171,93.690532130787,97.9559914102518,4.26545927946479,0.0349511492175356
"South America_Southern",207,26207,9136529.7,1898014.24949695,1973908.18282854,75893.9333315885,148096.524743868,20.7739077288497,21.6045724978986,0.830664769048893,1.62092752507408
"South America_Southern",212,26212,27849.869,214.575735179328,214.575735179328,0,1606.97548398493,0.770473050265796,0.770473050265796,0,5.77013659915214
"South America_Southern",213,26213,87257.48,26932.8896948916,55872.7340297807,28939.844334889,10646.7369805251,30.865995321996,64.032028004683,33.166032682687,12.2015178303626
"South America_Southern",215,26215,1956497.86,680876.466895509,683858.702018791,2982.23512328207,10704.6027785948,34.8007774920596,34.9532047031623,0.152427211102703,0.547130819687931
"South Asia",52,27052,7748881,4547135.58019294,4547135.58019294,0,0,58.681189970435,58.681189970435,0,0
"South Asia",58,27058,11319152.02,5131315.76986638,5159296.83439957,27981.0645331834,178564.448253937,45.3330405033855,45.5802415700709,0.247201066685412,1.57754262809112
"South Asia",89,27089,5442345,2769536.27781217,2769536.27781217,0,0,50.8886569633526,50.8886569633526,0,0
"South Asia",90,27090,4078987.1,1075273.31156086,1076633.94308342,1360.63152256678,4567.39326562304,26.3612824752708,26.3946395683238,0.0333570930529979,0.111973711944886
"South Asia",97,27097,15835871,5538640.88604878,5543269.04971818,4628.16366939433,19885.896738935,34.9752841889706,35.0045100122259,0.0292258232552812,0.12557501092889
"South Asia",102,27102,1887126.6,1642156.85991845,1642156.85991845,0,0,87.0189027020473,87.0189027020473,0,0
"South Asia",110,27110,15132486,9471819.14782033,10752459.152031,1280640.0042107,1676881.37892788,62.5926179467163,71.055470674356,8.46285272763971,11.0813344147675
"South Asia",116,27116,1004297.04,864499.640763108,925643.799380925,61144.1586178172,1785.24396683912,86.0800745527547,92.168328941896,6.08825438914141,0.177760552479485
"South Asia",154,27154,3303838,2048527.19440707,3109785.12737135,1061257.93296428,44607.5015341511,62.0044685728255,94.1264410473925,32.121972474567,1.3501721795727
"South Korea",65,28065,7668444.618,5884465.39789204,6604673.90757401,720208.509681972,217004.329033304,76.736100878652,86.1279468860084,9.39184600735642,2.82983499057859
"Southeast Asia",37,29037,860539.34017,724175.42270868,726234.127035761,2058.70432708098,21.3001238319056,84.1536683919202,84.392902582733,0.239234190812739,0.00247520628489776
"Southeast Asia",65,29065,5621465.99,4812668.66200386,4819212.33802441,6543.6760205552,2366.10623470255,85.6123415238141,85.7287466756409,0.116405151826867,0.0420905550066763
"Southeast Asia",66,29066,3007298.079,2429801.22911361,2429801.22911361,0,0,80.79682044427,80.79682044427,0,0
"Southeast Asia",108,29108,903373.1115,890047.968779154,897838.475135052,7790.50635589752,29.3774659750394,98.5249569030542,99.38733660605,0.86237970299579,0.00325197480432639
"Southeast Asia",109,29109,5757802.67,5293192.21126805,5469359.96944702,176167.758178963,15320.5154064108,91.9307679446412,94.990403160986,3.05963521634484,0.26608267570953
"Southeast Asia",110,29110,165289.76999,121703.386329411,133919.267044104,12215.8807146938,11574.549128688,73.6303198538988,81.0209047131027,7.39058485920384,7.00258045575856
"Southeast Asia",112,29112,264004.534,239708.053792582,240710.170407187,1002.11661460504,372.211658475596,90.7969458557033,91.1765289633954,0.379583107692021,0.140986843231865
"Southeast Asia",116,29116,4630211.022,4110373.75406774,4299773.94514351,189400.191075769,34467.9296981971,88.7729249171948,92.8634553525433,4.09053043534847,0.744413797436577
"Southeast Asia",119,29119,15326425,11074316.9949377,13897841.8483461,2823524.85340837,204705.987632122,72.2563611209903,90.678953822213,18.4225927012227,1.33564081403277
"Southeast Asia",125,29125,40106183.9,32110332.7022122,39515418.5104417,7405085.80822954,68289.1579282726,80.0632959303121,98.5269967568311,18.463700826519,0.170270894130799
"Southeast Asia",126,29126,11946252,10542258.8558495,11596039.0119289,1053780.15607943,25081.2369791016,88.2474173142293,97.0684279214007,8.82101060717141,0.209950677242549
"Southeast Asia",127,29127,11655143.478,10657238.3277943,11532918.154282,875679.826487709,21019.4066096179,91.4380706501873,98.9513185835192,7.51324793333195,0.180344468940204
"Southeast Asia",137,29137,26539418.49,21742529.3621242,24714675.5266428,2972146.16451854,609062.206641634,81.9254173572671,93.1244048770518,11.1989875197847,2.29493425739952
"Southeast Asia",138,29138,3821180.313,3650635.79533621,3735324.32032081,84688.5249845954,1132.88235343939,95.5368628618864,97.7531551602759,2.21629229838951,0.029647445570292
"Southeast Asia",139,29139,19619930.08,14183847.7965245,18782269.7293415,4598421.93281699,163337.209000145,72.2930598564317,95.7305640374711,23.4375041810393,0.832506580472712
"Southeast Asia",146,29146,8989754.96,5773390.43261824,8782164.8158194,3008774.38320117,52650.349876554,64.2218887868134,97.690814209016,33.4689254222027,0.585670578462063
"Southeast Asia",148,29148,3166129.87,2064973.00718877,3042052.27276365,977079.265574872,12960.4091559355,65.2207297860707,96.0810957752547,30.8603659891839,0.409345468697895
"Southeast Asia",158,29158,1550.8,1045.62734364259,1045.62734364259,0,0,67.4250286073377,67.4250286073377,0,0
"Southeast Asia",159,29159,15187538.82,13520579.438988,14632663.0529725,1112083.61398454,29764.7185466084,89.024163817663,96.3465063457365,7.32234252807353,0.195981184966007
"Southeast Asia",165,29165,699449.04921,652164.438982114,695866.475216078,43702.0362339638,0,93.2397348625619,99.4878005770444,6.24806571448249,0
"Southeast Asia",167,29167,3536326.288,3318722.02573819,3365023.05444001,46301.028701812,10645.9055191344,93.8466011182222,95.1558985339875,1.30929741576527,0.301044209502378
"Southeast Asia",173,29173,26035040.25,22574228.2268513,22586743.0083257,12514.7814744376,1933.21451494403,86.7070993940609,86.7551683862893,0.0480689922284163,0.00742543317152747
"Southeast Asia",175,29175,971688.27,866483.101561823,903741.149317257,37258.0477554348,14891.7011457582,89.1729506585299,93.0073128614856,3.83436220295576,1.53255952608733
"Southeast Asia",176,29176,1388608.589,1176027.61209365,1176027.61209365,0,0,84.691080078985,84.691080078985,0,0
"Southeast Asia",178,29178,7265379.761,6724968.70093942,6724968.70093942,0,0,92.5618332717931,92.5618332717931,0,0
"Southeast Asia",181,29181,5802352.085,5112627.36969238,5112627.36969238,0,0,88.1130151151863,88.1130151151863,0,0
"Southeast Asia",185,29185,2405125.03,2142132.241961,2212908.01837427,70775.7764132675,5475.66595986743,89.065317405183,92.0080241472631,2.94270674208016,0.227666582467334
"Taiwan",78,30078,3503.173,2051.61455265682,2671.07763243972,619.463079782898,15.8267386727471,58.5644657759358,76.2473800877011,17.6829143117653,0.451782959983622
"Taiwan",103,30103,2686236.584,1572030.41433438,1810176.10415165,238145.689817276,426359.6875478,58.5216664718902,67.3870691410274,8.86540266913721,15.8720080758084
"USA",7,1007,85963564.1698,4019918.64664107,6914058.80604012,2894140.15939905,32395870.9729422,4.67630522938847,8.04301086490909,3.36670563552062,37.6855837537775
"USA",23,1023,7418664,6354952.15036609,7037865.41439242,682913.264026324,133138.292009105,85.6616791158906,94.8670193769716,9.20534026108103,1.79463973579482
"USA",27,1027,22241.38,6680.61139048802,8411.34082759005,1730.72943710204,8101.32239178126,30.0368564832219,37.8184304552598,7.78157397203788,36.4245491591855
"USA",96,1096,381745.2913,359116.75060928,376707.336441256,17590.5858319763,1069.81161404258,94.0723458268049,98.6802836934576,4.60793786665269,0.280242255352891
"USA",101,1101,410773.5,321098.334182749,346156.228903116,25057.894720367,5203.94579649267,78.1691940163493,84.2693671580849,6.10017314173553,1.26686502330181
"USA",217,1217,33374440,13582393.9641165,15393972.2195825,1811578.25546596,6206784.64585454,40.6969943589062,46.1250352652584,5.42804090635216,18.5974195997132
"USA",218,1218,24196285,22200704.5453175,23352690.5833551,1151986.03803758,44305.187572762,91.7525336857187,96.513537443269,4.7610037575503,0.183107396746079
"USA",219,1219,15015099,13618776.5443373,14509983.709719,891207.165381694,18240.4930263408,90.7005444608612,96.6359509832005,5.93540652233924,0.121481004063582
"USA",220,1220,26689381,8033195.65240853,8855538.46165614,822342.809247614,2690372.34421847,30.0988458758505,33.1800069160695,3.08116104021901,10.0803100087577
"USA",221,1221,33397884,17624439.7736802,19107785.255449,1483345.48176888,3556214.67401355,52.7711269782246,57.2125624948247,4.44143551660004,10.6480239107769
"USA",222,1222,32615593,5593781.19565906,6067047.8053982,473266.609739141,3192056.9554976,17.1506346539799,18.6016786676183,1.45104401363832,9.78690455052464
"USA",223,1223,91552490,82122511.6645742,84694045.5984913,2571533.93391712,1630379.90551911,89.6999215035814,92.5087297991472,2.80880829556588,1.7808143781989
"USA",224,1224,46145708,43806505.0446604,45195247.007289,1388741.9626286,122038.785622268,94.9308331007954,97.9403046699142,3.00947156911883,0.264464000903981
"USA",225,1225,35499095,33804137.1669426,34508656.646095,704519.479152352,42403.5932393943,95.2253491728244,97.2099616795724,1.98461250674799,0.119449786647784
"USA",226,1226,49576197,44837563.1725054,46983754.4515189,2146191.27901347,282676.704602686,90.4417157542468,94.7707918207581,4.32907606651125,0.570186342858623
"USA",227,1227,20168059,16059231.9366398,18312231.0999019,2252999.1632621,126647.200964501,79.6270575003761,90.7981829084389,11.1711254080628,0.627959294270713
"USA",228,1228,26005427,24557459.0579663,25249145.6173612,691686.55939487,22125.5052974857,94.4320547321384,97.0918324754335,2.65977774329516,0.0850803384135383
"USA",229,1229,57999300,29802032.4831744,33477081.0871626,3675048.60398811,5145406.67638298,51.3834347710652,57.7198019409933,6.3363671699281,8.87149789115211
"USA",230,1230,7447812,6569103.29718116,6994484.27451767,425380.977336505,46854.5501349046,88.2017872790178,93.9132764698903,5.71148919087251,0.629104898658889
"USA",231,1231,32053058,27203436.5346401,28962666.0309011,1759229.496261,462613.587843459,84.8700193742517,90.3585112874445,5.48849191319282,1.44327442281313
"USA",232,1232,11584298.3,9995349.62177012,10537069.2521043,541719.630334221,118914.009505619,86.2836001190518,90.9599267838634,4.67632666481163,1.02651025056579
"USA",233,1233,16455834,14064841.819705,15239965.0434829,1175123.22377786,197149.712834474,85.4702461127465,92.6113197512984,7.14107363855188,1.19805360721598
"USA",234,1234,987958.3,629691.158319314,781047.822732079,151356.664412766,75375.7276397783,63.7366130047507,79.0567600608324,15.3201470560818,7.62944424271533
